Name,CR,Source,Beschreibung
Aarakocra,1/4,Monster Manual,No information available.
Aarakocra,1/4
Aarakocra Simulacra,1/8
Abhorrent Overlord,9
Abjurer,9
Aboleth,10
Abominable Yeti,9
Abyssal Chicken,1/4
Abyssal Wretch,1/4
Acolyte,1/4
Adult Black Dragon,14
Adult Blue Dracolich,17
Adult Blue Dragon,16
Adult Brass Dragon,13
Adult Bronze Dragon,15
Adult Copper Dragon,14
Adult Gold Dragon,17
Adult Green Dragon,15
Adult Kruthik,2
Adult Oblex,5
Adult Red Dragon,17
Adult Silver Dragon,16
Adult White Dragon,13
Aeorian Absorber,10
Aeorian Nullifier,12
Aeorian Reverser,8
Air Elemental,5
Air Elemental Myrmidon,7
Akroan Hoplite,3
Albino Dwarf Spirit Warrior,1
Albino Dwarf Warrior,1/4
Aldani (Lobsterfolk),1
Alhoon,10
Alkilith,11
Allip,5
Allosaurus,2
Allowak Abominable Yeti,9
Allowak Yeti,3
Almiraj,0
Alseid,1
Amber Golem,10
Ambush Drake,1/2
Amnizu,18
Amphisbaena,3
Amphisbaena,1/2
Anarch,1/4
Anchorite of Talos,3
Ancient Black Dragon,21
Ancient Blue Dragon,23
Ancient Brass Dragon,20
Ancient Bronze Dragon,22
Ancient Copper Dragon,21
Ancient Deep Crow,15
Ancient Gold Dragon,24
Ancient Green Dragon,22
Ancient Red Dragon,24
Ancient Silver Dragon,23
Ancient White Dragon,20
Androsphinx,17
Animated Armor,1
Animated Ballista,2
Animated Drow Statue,1
Animated Halberd,1/4
Animated Jade Serpent,1/4
Animated Knife,1/8
Animated Object (Huge),—
Animated Object (Large),—
Animated Object (Medium),—
Animated Object (Small),—
Animated Object (Tiny),—
Animated Staff,—
Animated Statue of Lolth,11
Animated Stove,3
Animated Table,2
Animated Tile Chimera,6
Animated Tree,9
Animated Wand,—
Ankheg,2
Ankylosaurus,3
Ankylosaurus Zombie,3
Annis Hag,6
Anvilwrought Raptor,1/2
Ape,1/2
Aphemia,5
Apprentice Wizard,1/4
Aquatic Ghoul,1
Aquatic Troll,5
Arasta,21
Arcanaloth,12
Archdruid,12
Archer,3
Archmage,12
Archon of Falling Stars,12
Archon of the Triumvirate,14
Arclight Phoenix,12
Armanite,7
Armored Saber-Toothed Tiger,3
Ash Zombie,1/4
Ashen Rider,16
Assassin,8
Assassin Bug,3
Assassin Vine,3
Astral Dreadnought,21
Atropal,13
Aurelia,23
Aurochs,2
Autumn Eladrin,10
Avatar of Death,—
Awakened Brown Bear,1
Awakened Elk,1/4
Awakened Giant Wasp,1/2
Awakened Rat,0
Awakened Shrub,0
Awakened Tree,2
Awakened Zurkhwood,2
Axe Beak,1/4
Axe of Mirabar Soldier,3
Azer,2
Babau,4
Baboon,0
Badger,0
Bael,19
Balhannoth,11
Balor,19
Banderhobb,5
Bandit,1/8
Bandit Captain,2
Banshee,4
Baphomet,23
Barbed Devil,5
Bard,2
Barghest,4
Barlgura,5
Barovian Commoner,0
Barovian Scout,1/2
Barovian Witch,1/2
Basilisk,3
Bat,0
Battleforce Angel,5
Bearded Devil,3
Behir,11
Beholder,13
Beholder Zombie,5
Belashyrra,22
Berbalang,2
Berserker,2
Bheur Hag,7
Big Xorn,8
Billy Beaver,3
Biomancer,10
Black Abishai,7
Black Bear,1/2
Black Dragon Wyrmling,2
Black Earth Guard,2
Black Earth Priest,3
Black Gauntlet of Bane,6
Black Guard Drake,2
Black Pudding,4
Blackguard,8
Blindheim,2
Blink Dog,1/4
Blistercoil Weird,4
Blood Drinker Vampire,8
Blood Hawk,1/8
Blood Hunter,5
Blood Witch,7
Blood-Toll Harpy,1/8
Bloodfray Giant,6
Blue Abishai,17
Blue Dragon Wyrmling,3
Blue Guard Drake,2
Blue Slaad,7
Boar,1/4
Bodak,6
Boggle,1/8
Bone Devil,9
Bone Knight,5
Bone Naga (Guardian),4
Bone Naga (Spirit),4
Bone Whelk,1/4
Boneclaw,12
Borborygmos,18
Bore Worm,16
Brass Dragon Wyrmling,1
Bridesmaid of Zuggtmoy,1/8
Bristled Moorbounder,3
Broken King Antigonos,3
Brontosaurus,5
Bronze Dragon Wyrmling,2
Bronze Sable,1
Bronze Scout,1
Broom of Animated Attack,1/4
Brown Bear,1
Bugbear,1
Bugbear Chief,3
Bugbear Gardener,1
Bugbear Lieutenant,1
Bulette,5
Bulezau,3
Bullywug,1/4
Bullywug Croaker,2
Bullywug Royal,3
Burnished Hart,2
Burrowshark,4
Buster the Bear,1
Cackler,1/2
Cadaver Collector,14
Cambion,5
Camel,1/8
Canoloth,8
Carnivorous Flower,5
Carrion Crawler,2
Carrion Ogre,2
Cat,0
Category 1 Krasis,1
Category 2 Krasis,6
Category 3 Krasis,16
Catoblepas,5
Cave Badger,1/4
Cave Bear,2
Cave Fisher,3
Centaur,2
Centaur Mummy,6
Chain Devil,8
Chamberlain of Zuggtmoy,2
Champion,9
Changeling,1/2
Chaos Quadrapod,4
Chasme,6
Chimera,6
Chitine,1/2
Choker,1
Choldrith,3
Chuul,4
Chuul Spore Servant,4
Chwinga,0
Clawfoot,1
Clay Gladiator,5
Clay Golem,9
Cloaker,8
Clockwork Behir,11
Clockwork Dragon,1
Clockwork Mule,1/8
Cloud Giant,9
Cloud Giant Noble,9
Cloud Giant Smiling One,11
Cockatrice,1/2
Colossus of Akros,23
Commoner,0
Conclave Dryad,9
Conjurer,6
Constrictor Snake,1/4
Copper Dragon Wyrmling,1
Core Spawn Crawler,1
Core Spawn Emissary,6
Core Spawn Seer,13
Core Spawn Worm,15
Corpse Flower,8
Cosmotronic Blastseeker,4
Couatl,4
Counterflux Blastseeker,2
Cow,1/4
Crab,0
Crab Folk,3
Crag Cat,1
Cranium Rat,0
Crawling Claw,0
Crocodile,1/2
Crow,0
Crushing Wave Priest,2
Crushing Wave Reaver,1/2
Crystal Battleaxe,1/4
Crystal Golem,10
Cult Fanatic,2
Cultist,1/8
Cyclops,6
Damaged Flesh Golem,1
Dao,11
Dark Tide Knight,3
Darkling,1/2
Darkling Elder,2
Darkmantle,1/2
Deadstone Cleft Stone Giant,7
Death Dog,1
Death Kiss,10
Death Knight,17
Death Slaad,10
Death Tyrant,14
Death's Head of Bhaal,5
Deathlock,4
Deathlock Mastermind,8
Deathlock Wight,3
Deathpact Angel,14
Deep Crow,9
Deep Gnome (Svirfneblin),1/2
Deep Rothé,1/4
Deep Scion,3
Deer,0
Deinonychus,1
Demilich,18
Demogorgon,4
Demogorgon,26
Derro,1/4
Derro Savant,3
Deva,10
Devkarin Lich,14
Devourer,13
Dhergoloth,7
Diatryma,1/4
Dimetrodon,1/4
Dining Table Mimic,3
Dire Corby,1/2
Dire Troll,13
Dire Wolf,1
Displacer Beast,3
Distended Corpse,0
Diviner,8
Djinni,11
Dolgaunt,3
Dolgrim,1/2
Dolphin,1/8
Doomwake Giant,11
Doppelganger,3
Draegloth,7
Draft Horse,1/4
Dragon Turtle,17
Dragonclaw,1
Dragonfang,5
Dragonpriest,5
Dragonsoul,7
Dragonwing,2
Dread Warrior,1
Dretch,1/4
Drider,6
Drow,1/4
Drow Acolyte,1/4
Drow Arachnomancer,13
Drow Bandit,1/8
Drow Commander,5
Drow Commoner,0
Drow Cultist,1/8
Drow Elite Warrior,5
Drow Favored Consort,18
Drow Guard,1/8
Drow Gunslinger,4
Drow House Captain,9
Drow Inquisitor,14
Drow Mage,7
Drow Matron Mother,20
Drow Noble,1/8
Drow Priestess of Lolth,8
Drow Scout,1/2
Drow Shadowblade,11
Drow Spore Servant,1/8
Drow Spy,1
Drowned Ascetic,3
Drowned Assassin,4
Drowned Blade,2
Drowned Master,9
Druid,2
Druid of the Old Ways,7
Dryad,1
Dryad Spirit,4
Duergar,1
Duergar Alchemist,1
Duergar Darkhaft,2
Duergar Despot,12
Duergar Hammerer,2
Duergar Kavalrachni,2
Duergar Keeper of the Flame,2
Duergar Mind Master,2
Duergar Screamer,3
Duergar Soulblade,1
Duergar Spore Servant,1/2
Duergar Spy,2
Duergar Stone Guard,2
Duergar Warlord,6
Duergar Xarrorn,2
Duodrone,1/4
Dusk Hag,6
Dust Mephit,1/2
Dybbuk,4
Dyrrn,24
Eagle,0
Earth Elemental,5
Earth Elemental Myrmidon,7
Eater of Hope,6
Eblis,1
Efreeti,11
Eidolon,12
Elder Black Pudding,4
Elder Brain,14
Elder Giant Lizard,5
Elder Oblex,10
Elder Tempest,23
Elephant,4
Elk,1/4
Emberhorn Minotaur,3
Emerald Enclave Scout,1/2
Empyrean,23
Enchanter,5
Engineer,1/4
Enormous Tentacle,2
Erinyes,12
Eternal Flame Guardian,2
Eternal Flame Priest,3
Ettercap,2
Ettin,4
Evil Mage,1
Evoker,9
Expeditious Messenger,1/8
Expert,—
Expert,—
Eye of Fear and Flame,9
Faerie Dragon (Blue),2
Faerie Dragon (Green),2
Faerie Dragon (Indigo),2
Faerie Dragon (Orange),1
Faerie Dragon (Red),1
Faerie Dragon (Violet),2
Faerie Dragon (Yellow),1
Falcon,0
Fastieth,1/4
Fathomer,2
Feathergale Knight,1
Felbarren Dwarf,1/8
Felidar,5
Female Steeder,1
Fiendish Flesh Golem,8
Fiendish Giant Spider,1/2
Fire Elemental,5
Fire Elemental Myrmidon,7
Fire Giant,9
Fire Giant Dreadnought,14
Fire Giant Royal Headsman,9
Fire Giant Servant,5
Fire Snake,1
Firefist,7
Firemane Angel,12
Firenewt Warlock of Imix,1
Firenewt Warrior,1/2
Fish,0
Fist of Bane,1/2
Five-Armed Troll,5
Flail Snail,3
Flameskull,4
Flamewrath,6
Fleecemane Lion,3
Flesh Golem,5
Flind,9
Flitterstep Eidolon,3
Flumph,1/8
Flux Blastseeker,5
Fluxcharger,7
Flying Dagger,1/4
Flying Horror,3
Flying Monkey,0
Flying Shield,1/4
Flying Snake,1/8
Flying Staff,1/4
Flying Sword,1/4
Flying Trident,1/4
Fog Giant,11
Fomorian,8
Forlarren,3
Four-Armed Gargoyle,2
Four-Armed Statue,10
Fraz-Urb'luu,23
Frog,0
Froghemoth,10
Frontline Medic,1/4
Frost Giant,8
Frost Giant Everlasting One,12
Frost Giant Servant,5
Frost Giant Zombie,9
Frost Salamander,9
Frost Worm,17
Galeb Duhr,6
Galvanic Blastseeker,5
Galvanice Weird,1
Gargantuan Rug of Smothering,2
Gargoyle,2
Gas Spore,1/2
Gauth,6
Gazer,1/2
Gearkeeper Construct,10
Gelatinous Cube,2
Geryon,22
Ghast,2
Ghost,4
Ghostblade Eidolon,5
Ghoul,1
Giant Ape,7
Giant Badger,1/4
Giant Bat,1/4
Giant Boar,2
Giant Centipede,1/4
Giant Constrictor Snake,2
Giant Coral Snake,4
Giant Crab,1/8
Giant Crayfish,2
Giant Crocodile,5
Giant Eagle,1
Giant Elk,2
Giant Fire Beetle,0
Giant Fly,0
Giant Flying Spider,1
Giant Four-Armed Gargoyle,10
Giant Frog,1/4
Giant Goat,1/2
Giant Hyena,1
Giant Ice Toad,3
Giant Lightning Eel,3
Giant Lizard,1/4
Giant Mutated Drow,9
Giant Octopus,1
Giant Owl,1/4
Giant Poisonous Snake,1/4
Giant Rat,1/8
Giant Raven,1
Giant Riding Lizard,1/4
Giant Rocktopus,1
Giant Scorpion,3
Giant Sea Eel,1/2
Giant Sea Horse,1/2
Giant Shark,5
Giant Shark Skeleton,5
Giant Skeleton,7
Giant Snapping Turtle,3
Giant Spider,1
Giant Strider,1
Giant Subterranean Lizard,4
Giant Toad,1
Giant Vulture,1
Giant Wasp,1/2
Giant Weasel,1/8
Giant White Moray Eel,2
Giant Wolf Spider,1/4
Gibbering Mouther,2
Giff,3
Girallon,4
Girallon Zombie,3
Githyanki Gish,10
Githyanki Kith'rak,12
Githyanki Knight,8
Githyanki Supreme Commander,14
Githyanki Warrior,3
Githzerai Anarch,16
Githzerai Enlightened,10
Githzerai Monk,2
Githzerai Zerth,6
Glabrezu,9
Gladiator,5
Gloamwing,8
Gloom Weaver,9
Gloomstalker,6
Gnoll,1/2
Gnoll Fang of Yeenoghu,4
Gnoll Flesh Gnawer,1
Gnoll Hunter,1/2
Gnoll Pack Lord,2
Gnoll Witherling,1/4
Goat,0
Goblin,1/4
Goblin Boss,1
Goblin Commoner,0
Goblin Gang Member,1/4
Gold Dragon Wyrmling,3
Gold-Forged Sentinel,5
Golden Stag,1/4
Golgari Shaman,5
Gorgon,5
Goristro,17
Gorzil's Gang Troglodyte,1/4
Gray Ooze,1/2
Gray Render,12
Gray Slaad,9
Graz'zt,24
Greater Zombie,5
Green Abishai,15
Green Dragon Wyrmling,2
Green Guard Drake,2
Green Hag,3
Green Slaad,8
Grell,3
Grick,2
Grick Alpha,7
Griffon,2
Griffon Cavalry Rider,2
Grimlock,1/4
Grung,1/4
Grung Elite Warrior,2
Grung Wildling,1
Guard,1/8
Guard Drake,2
Guardian Giant,8
Guardian Naga,10
Guardian Portrait,1
Guardian Wolf,4
Gynosphinx,11
Hadrosaurus,1/4
Halaster Horror,4
Half-Blue Dragon Gladiator,5
Half-Green Dragon Assassin,8
Half-Ogre (Ogrillon),1
Half-Red Dragon Gladiator,5
Half-Red Dragon Veteran,5
Harpy,1
Harpy Matriarch,5
Hashalaq Quori,9
Hawk,0
Hell Hound,3
Hellfire Engine,16
Hellwasp,5
Hellwasp Grub,1/4
Helmed Horror,4
Hezrou,8
Hill Giant,5
Hill Giant Sergeant,5
Hill Giant Servant,2
Hill Giant Subchief,7
Hippocamp,1/2
Hippogriff,1
Hobgoblin,1/2
Hobgoblin Captain,3
Hobgoblin Devastator,4
Hobgoblin Iron Shadow,2
Hobgoblin Warlord,6
Hollyphant,5
Homunculus,0
Homunculus Servant,—
Hook Horror,3
Hook Horror Spore Servant,3
Horizonback Tortoise,7
Horncaller,1
Horned Devil,11
Horned Sister,6
Howler,8
Howling Hatred Initiate,1/8
Howling Hatred Priest,2
Huge Giant Crab,8
Huge Gray Ooze,8
Huge Ochre Jelly,2
Huge Polar Bear,2
Huge Stone Golem,10
Hulking Crab,5
Hundred-Handed One,15
Hunter Shark,2
Hurricane,2
Husk Zombie,1
Hutijin,21
Hybrid Brute,2
Hybrid Flier,2
Hybrid Poisoner,1
Hybrid Shocker,1
Hybrid Spy,1/2
Hydra,8
Hydroloth,9
Hyena,0
Hythonia,17
Ice Devil,14
Ice Mephit,1/2
Ice Spider,1
Ice Spider Queen,2
Ice Toad,1
Ice Troll,5
Illithilich,22
Illusionist,3
Imp,1
Incubus,4
Indentured Spirit,1
Infant Basilisk,0
Infant Hook Horror,0
Inspired,2
Intellect Devourer,2
Intelligent Black Pudding,4
Invisible Stalker,6
Iron Cobra,4
Iron Consul,2
Iron Defender,1
Iron Golem,16
Ironscale Hydra,12
Isperia,21
Ixitxachitl,1/4
Ixitxachitl Cleric,1/4
Jackal,0
Jackalwere,1/2
Jaculi,1/2
Jade Giant Spider,10
Jarad Vod Savo,22
Jermlaine,1/8
Juiblex,23
Junior Drow Priestess of Lolth,2
Juvenile Hook Horror,2
Juvenile Kraken,14
Kalaraq Quori,19
Kalashtar,1/4
Kamadan,4
Karrnathi Undead Soldier,3
Keg Robot,2
Kelpie,4
Kenku,1/4
Khargra,1/8
Ki-rin,12
Killer Whale,3
Killmoulis,0
Knight,3
Knight of the Mithral Shield,3
Knight of the Order,5
Koalinth,1/2
Koalinth Sergeant,2
Kobold,1/8
Kobold Commoner,0
Kobold Dragonshield,1
Kobold Elite,1/8
Kobold Inventor,1/4
Kobold Scale Sorcerer,1
Kobold Underling,1/8
Korred,7
Kraken,23
Kraken Priest,5
Kraul Death Priest,4
Kraul Warrior,1/2
Kruthik Hive Lord,5
Kuo-toa,1/4
Kuo-toa Archpriest,6
Kuo-toa Monitor,3
Kuo-toa Whip,1
Lacedon,1
Lady Illmarrow,22
Lamia,4
Lampad,3
Large Mimic,3
Large Mimic,2
Larva,0
Lava Child,3
Lawmage,6
Layla the Lizard,1
Lazav,17
Lemure,0
Leonin Iconoclast,5
Lesser Mummy Lord,15
Leucrotta,3
Leviathan,20
Lich,21
Lion,1
Living Burning Hands,1
Living Cloudkill,7
Living Iron Statue,5
Living Lightning Bolt,5
Living Unseen Servant,0
Lizard,0
Lizard King,4
Lizard Queen,4
Lizardfolk,1/2
Lizardfolk Commoner,1/4
Lizardfolk Render,3
Lizardfolk Scaleshield,1
Lizardfolk Shaman,2
Lizardfolk Subchief,3
Locathah,1/2
Locathah Hunter,2
Lords' Alliance Guard,1/4
Lords' Alliance Spy,1
Lycanthropickle,1/8
Mad Golem,12
Mage,6
Magewright,0
Magma Mephit,1/2
Magmin,1/2
Male Steeder,1/4
Malformed Kraken,10
Mammoth,6
Manes,1/8
Manticore,3
Mantrap,1
Marid,11
Marilith,16
Martial Arts Adept,3
Marut,25
Master of Cruelties,9
Master of Souls,4
Master Thief,5
Mastiff,1/8
Maurezhi,7
Maw Demon,1
Meazel,1
Mechachimera,6
Mechanical Bird,Unknown
Medusa,6
Medusa,6
Meenlock,2
Meeseeks,0
Meletian Hoplite,3
Merfolk,1/8
Merfolk Salvager,1
Merfolk Scout,1/2
Merregon,4
Merrenoloth,3
Merrow,2
Merrow Shallowpriest,4
Metal Wasp,1/2
Mezzoloth,5
Mimic,2
Mind Drinker Vampire,4
Mind Flayer,7
Mind Flayer Arcanist,8
Mind Flayer Psion,8
Mind Mage,5
Mindwitness,5
Minotaur,3
Minotaur Living Crystal Statue,6
Minotaur Skeleton,2
Mite,1/4
Moloch,21
Molten Magma Roper,5
Molydeus,21
Mongrelfolk,1/4
Monodrone,1/8
Monstrous Peryton,11
Moorbounder,1
Mordakhesh,15
Morkoth,11
Mouth of Grolantor,6
Mud Mephit,1/4
Mule,1/8
Mummy,3
Mummy Lord,15
Myconid Adult,1/2
Myconid Sovereign,2
Myconid Sprout,0
Nabassu,15
Nagpa,17
Naiad,2
Nalfeshnee,13
Narzugon,13
Necromancer,9
Necromite of Myrkul,1/2
Necrotic Centipede,11
Needle Blight,1/4
Needle Lord,3
Needle Spawn,1/2
Neogi,3
Neogi Hatchling,1/8
Neogi Master,4
Neothelid,13
Nereid,2
Nergaliid,3
Night Blade,1/4
Night Hag,5
Nightmare,3
Nightmare Shepherd,11
Nightveil Specter,10
Nightwalker,20
Nilbog,1
Nimblewright,4
Niv-Mizzet,26
Nivix Cyclops,8
Noble,1/8
Norker,1/2
Norker War Leader,3
Nothic,2
Nupperibo,1/2
Nycaloth,9
Nyx-Fleece Ram,1
Oaken Bolter,5
Oblex Spawn,1/4
Obzedat Ghost,8
Ochre Jelly,2
Octopus,0
Ogre,2
Ogre Battering Ram,4
Ogre Bolt Launcher,2
Ogre Chain Brute,3
Ogre Goblin Hucker,2
Ogre Howdah,2
Ogre Skeleton,2
Ogre Zombie,2
Oinoloth,12
Old Troglodyte,1/8
One-Eyed Shiver,3
Oni,7
Ooze Master,10
Oracle,4
Orc,1/2
Orc Blade of Ilneval,4
Orc Claw of Luthic,2
Orc Commoner,0
Orc Eye of Gruumsh,2
Orc Hand of Yurtrus,2
Orc Nurtured One of Yurtrus,1/2
Orc Red Fang of Shargaas,3
Orc War Chief,4
Orcus,26
Oread,4
Orog,2
Orthon,10
Orzhov Giant,6
Otyugh,5
Owl,0
Owlbear,3
Ox,1/4
Panopticus Wizard,1/4
Panther,1/4
Paper Whirlwind,1/4
Peacock,0
Pegasus,2
Pentadrone,2
Peryton,2
Phantom Warrior,3
Phase Spider,3
Phoenix,16
Phylaskia,9
Piercer,1/2
Pig,0
Piggy Wiggle Butt,1/2
Pirate Bosun,1/2
Pirate Captain,2
Pirate Deck Wizard,1
Pirate First Mate,1
Pit Fiend,20
Pixie,1/4
Planetar,16
Plesiosaurus,2
Poison Weird,4
Poisonous Snake,1/8
Polar Bear,2
Poltergeist,2
Polukranos,19
Pony,1/8
Precognitive Mage,3
Priest,2
Prophetess Dran,2
Pseudodragon,1/4
Pterafolk,1
Pteranodon,1/4
Purple Worm,15
Purple Wormling,2
Quadrone,1
Quaggoth,2
Quaggoth Spore Servant,1
Quaggoth Thonot,3
Quasit,1
Quetzalcoatlus,2
Quickling,1
Quipper,0
Radiant Idol,11
Rak Tulkhesh,28
Rakdos,24
Rakdos Lampooner,2
"Rakdos Performer, Blade Juggler",1
"Rakdos Performer, Fire Eater",1
"Rakdos Performer, High-Wire Acrobat",1
Rakshasa,13
Rat,0
Raven,0
Razerblast,5
Reaper of Bhaal,2
Reckoner,4
Red Abishai,19
Red Dragon Wyrmling,4
Red Guard Drake,2
Red Slaad,5
Red Wizard,6
Redbrand Ruffian,1/2
Redcap,3
Reduced-Threat Aboleth,10
Reduced-Threat Basilisk,3
Reduced-Threat Behir,11
Reduced-Threat Beholder,13
Reduced-Threat Black Pudding,4
Reduced-Threat Carrion Crawler,2
Reduced-Threat Clay Golem,9
Reduced-Threat Darkmantle,1/2
Reduced-Threat Displacer Beast,3
Reduced-Threat Dragon Turtle,17
Reduced-Threat Ettercap,2
Reduced-Threat Flesh Golem,5
Reduced-Threat Glabrezu,9
Reduced-Threat Gray Ooze,1/2
Reduced-Threat Helmed Horror,4
Reduced-Threat Hezrou,8
Reduced-Threat Hook Horror,3
Reduced-Threat Ochre Jelly,2
Reduced-Threat Otyugh,5
Reduced-Threat Owlbear,3
Reduced-Threat Peryton,2
Reduced-Threat Remorhaz,11
Reduced-Threat Stone Golem,10
Reduced-Threat Vrock,6
Reduced-Threat Wight,3
Reduced-Threat Wyvern,6
Reef Shark,1/2
Regenerating Black Pudding,5
Remorhaz,11
Replica Duodrone,1/4
Replica Monodrone,1/8
Replica Pentadrone,2
Replica Quadrone,1
Replica Tridrone,1/2
Retriever,14
Returned Drifter,1/4
Returned Kakomantis,4
Returned Palamnite,4
Returned Sentry,1
Revenant,5
Rhinoceros,2
Riding Horse,1/4
Rip Tide Priest,2
Roc,11
Rock Gnome Recluse,1/4
Roper,5
Rot Troll,9
Rothé,1/4
Rubblebelt Stalker,1/2
Rug of Smothering,2
Runed Behir,11
Rust Monster,1/2
Rutterkin,2
Saber-Toothed Tiger,2
Sacred Statue,—
Sacred Stone Monk,1/2
Sahuagin,1/2
Sahuagin Baron,5
Sahuagin Blademaster,6
Sahuagin Champion,3
Sahuagin Coral Smasher,1
Sahuagin Deep Diver,4
Sahuagin Hatchling Swarm,3
Sahuagin High Priestess,5
Sahuagin Priestess,2
Sahuagin Warlock of Uk'otoa,3
Sahuagin Wave Shaper,5
Salamander,5
Satyr,1/2
Satyr Reveler,1
Satyr Thornbearer,2
Scaladar,8
Scarecrow,1
Scorchbringer Guard,1/2
Scorpion,0
Scout,1/2
Scrag,5
Screaming Devilkin,1
Sea Elf,1/8
Sea Fury,12
Sea Hag,2
Sea Horse,0
Sea Lion,5
Sea Spawn,1
Sentient Gray Ooze,1/2
Sentient Ochre Jelly,2
Sergeant,1/8
Servitor Thrull,1/4
Setessan Hoplite,4
Shadow,1/2
Shadow Assassin,9
Shadow Dancer,7
Shadow Demon,4
Shadow Horror,9
Shadow Mastiff,2
Shadowghast,5
Shambling Mound,5
Shapechanged Roper,5
Shard Shunner,2
Sharkbody Abomination,2
Sheep,0
Shell Shark,2
Shield Dwarf Guard,1/8
Shield Dwarf Noble,1/8
Shield Guardian,7
Shifter,1/2
Shoosuva,8
Shrieker,0
Sibriex,18
Silver Dragon Wyrmling,2
Simic Merfolk,1/8
Sire of Insanity,12
Skeletal Alchemist,1/2
Skeletal Juggernaut,5
Skeletal Rats,1/4
Skeletal Swarm,2
Skeleton,1/4
Skeleton Key,1/4
Skittering Horror,15
Skulk,1/2
Skull Flier,1/2
Skull Lasher of Myrkul,1
Skull Lord,15
Skum,5
Skyjek Roc,2
Skyswimmer,13
Skyweaver,3
Slaad Tadpole,1/8
Sled Dog,1/4
Slithering Tracker,3
Smoke Mephit,1/4
Snake Horror,4
Snow Leopard,1
Snow Maiden,1
Solar,21
Soldier,1/2
Soul Monger,11
Space Hamster,0
Spawn of Kyuss,5
Spectator,3
Specter,1
Spellcaster,—
Spellcaster (Healer),—
Spellcaster (Mage),—
Sphinx of Judgment,11
Spider,0
Spiked Tomb Guardian,6
Spined Devil,2
Spirit Naga,8
Spirit Troll,11
Splugoth the Returned,2
Spring Eladrin,10
Sprite,1/4
Spy,1
Star Spawn Grue,1/4
Star Spawn Hulk,10
Star Spawn Larva Mage,16
Star Spawn Mangler,5
Star Spawn Seer,13
Statue of Talos,10
Statue of Vergadain,10
Steam Mephit,1/4
Steel Defender,—
Steel Predator,16
Stegosaurus,4
Stench Kow,1/4
Stirge,1/8
Stomping Foot,0
Stone Cursed,1
Stone Defender,4
Stone Dragon Statue,10
Stone Giant,7
Stone Giant Dreamwalker,10
Stone Giant Statue,0
Stone Golem,10
Stone Juggernaut,12
Stone Warrior,4
Stonecloak,10
Stonemelder,4
Storm Giant,13
Storm Giant Quintessent,16
Strahd Zombie,1
Strahd's Animated Armor,6
Su-monster,1
Succubus,4
Sul Khatesh,28
Summer Eladrin,10
Sunder Shaman,10
Swarm of Bats,1/4
Swarm of Beetles,1/2
Swarm of Books,1/4
Swarm of Centipedes,1/2
Swarm of Cranium Rats,5
Swarm of Insects,1/2
Swarm of Mechanical Spiders,1/2
Swarm of Poisonous Snakes,2
Swarm of Quippers,1
Swarm of Rats,1/4
Swarm of Ravens,1/4
Swarm of Rot Grubs,1/2
Swarm of Spiders,1/2
Swarm of Undead Snakes,2
Swarm of Wasps,1/2
Swashbuckler,3
Swavain Basilisk,7
Sword Wraith Commander,8
Sword Wraith Warrior,3
Tabaxi Hunter,1
Tabaxi Minstrel,1/4
Tanarukk,5
Tarkanan Assassin,2
Tarrasque,30
Terracotta Warrior,1
Thayan Apprentice,2
Thayan Warrior,2
The Angry,13
The Hungry,11
The Lonely,9
The Lord of Blades,18
The Lost,7
The Wretched,1/4
Theran Chimera,7
Thessalhydra,4
Thomas T. Toad,2
Thorn Slinger,1/2
Thorny,1
Thought Spy,1
Thri-kreen,1
Thug,1/2
Thunderbeast Skeleton,3
Tiger,1
Tiny Servant,—
Titivilus,16
Tlincalli,5
Tomb Dwarf,3
Tomb Guardian,5
Tommy Two-Butts,1
Tortle,1/4
Tortle Druid,2
Transmuter,5
Trapper,3
Treant,9
Tree Blight,7
Tressym,0
Tressym,0
Tri-flower Frond,1/2
Tribal Warrior,1/8
Triceratops,5
Tridrone,1/2
Triton Master of Waves,8
Triton Shorestalker,2
Troglodyte,1/4
Troglodyte Champion of Laogzed,3
Troll,5
Tromokratis,26
Trostani,18
Tsucora Quori,7
Twig Blight,1/8
Two-Headed Cerberus,2
Typhon,15
Tyrannosaurus Rex,8
Tyrannosaurus Zombie,8
Udaak,16
Ulitharid,9
Ultroloth,13
Umber Hulk,5
Undead Bulette,5
Undead Cockatrice,1/2
Undead Shambling Mound,5
Undead Tree,9
Undercity Medusa,6
Underworld Cerberus,6
Undying Councilor,10
Undying Soldier,2
Unicorn,5
Uthgardt Barbarian Leader,2
Uthgardt Shaman,2
Valenar Hawk,1/8
Valenar Hound,1/2
Valenar Steed,1/2
Vampire,13
Vampire Spawn,5
Vampire Spellcaster,15
Vampire Warrior,15
Vampiric Ixitxachitl,2
Vampiric Ixitxachitl Cleric,2
Vampiric Jade Statue,8
Vampiric Mist,3
Vargouille,1
Vegepygmy,1/4
Vegepygmy Chief,2
Velociraptor,1/4
Venom Troll,7
Veteran,3
Veteran of the Gauntlet,3
Vine Blight,1/2
Violet Fungus,1/4
Vox Seeker,1/8
Vrock,6
Vulture,0
Walking Statue of Waterdeep,18
War Priest,9
Warforged Colossus,25
Warforged Soldier,1
Warforged Titan,8
Warhorse,1/2
Warhorse Skeleton,1/2
Warlock of the Archfey,4
Warlock of the Fiend,7
Warlock of the Great Old One,6
Warlord,12
Warrior,—
Warrior,—
Wastrilith,13
Water Elemental,5
Water Elemental Myrmidon,7
Water Weird,3
Weasel,0
Werebat,2
Werebear,5
Wereboar,4
Werejaguar,4
Wererat,2
Wereraven,2
Weretiger,4
Werewolf,3
White Abishai,6
White Dragon Wyrmling,2
White Guard Drake,2
Wight,3
Wild Dog,0
Will-o'-Wisp,2
Winged Bull,4
Winged Kobold,1/4
Winged Lion,4
Winged Thrull,1/2
Winter Eladrin,10
Winter Wolf,3
Woe Strider,7
Wolf,1/4
Wood Elf,1/2
Wood Woad,5
Wooden Donkey,1/8
Worg,1/2
Wraith,5
Wurm,14
Wyvern,6
Xill,3
Xorn,5
Xvart,1/8
Xvart Speaker,1/8
Xvart Warlock of Raxivort,1
Yagnoloth,11
Yak,1/4
Yakfolk Priest,4
Yakfolk Warrior,3
Yeenoghu,24
Yellow Musk Creeper,2
Yellow Musk Zombie,1/4
Yeth Hound,4
Yeti,3
Yeti Leader,3
"Ygorl, Lord of Entropy",23
Yochlol,10
Young Basilisk,1
Young Black Dragon,7
Young Blue Dragon,9
Young Brass Dragon,6
Young Bronze Dragon,8
Young Bulette,2
Young Cloud Giant,5
Young Copper Dragon,7
Young Fire Giant,2
Young Frost Giant,2
Young Gold Dragon,10
Young Green Dragon,8
Young Hill Giant,1/2
Young Hook Horror,1/4
Young Kruthik,1/8
Young Ogre Servant,1/2
Young Purple Worm,13
Young Red Dragon,10
Young Red Shadow Dragon,13
Young Remorhaz,5
Young Silver Dragon,9
Young Troglodyte,1/8
Young White Dragon,6
Young Winter Wolf,1
Yuan-ti Abomination,7
Yuan-ti Anathema,12
Yuan-ti Broodguard,2
Yuan-ti Malison (Type 1),3
Yuan-ti Malison (Type 2),3
Yuan-ti Malison (Type 3),3
Yuan-ti Malison (Type 4),3
Yuan-ti Malison (Type 5),3
Yuan-ti Mind Whisperer,4
Yuan-ti Nightmare Speaker,4
Yuan-ti Pit Master,5
Yuan-ti Priest,3
Yuan-ti Pureblood,1
Zakya Rakshasa,5
Zaratan,22
Zariel,26
Zebra,1/4
Zegana,16
Zhent Martial Arts Adept,3
Zhentarim Thug,1/2
Zombie,1/4
Zorbo,1/2
Zuggtmoy,23
